INSERT IGNORE INTO `g5_board` VALUES ('basic_about','intro','소개','','',1,1,10,10,10,10,1,10,10,0,1,1,0,0,0,0,0,'','',0,0,0,0,0,0,0,0,0,0,0,0,0,0,1,100,60,15,24,100,600,'good_basic','','','_head.php','_tail.php','','','',4,1048576,1,1,0,3,0,0,0,0,0,'',2,0,'wr_datetime asc','','','','','','','','','','','','','','','','','','','','w3_basic',100,50,10,300,'basic','../_head.php','../_tail.php','','',1,1,5,'g4m_basic',0,0,50,'basic',0,'both',30,15,'basic','','',174,124,0,125,100,0,0,'',0,'');
INSERT IGNORE INTO `g5_board` VALUES ('basic_main_banner','board','메인 배너','','',1,1,10,10,10,10,1,10,10,0,1,1,0,0,0,0,0,'','',0,0,0,0,0,0,0,0,0,0,0,0,0,1,1,100,60,15,24,100,600,'r_good_basic','','','_head.php','_tail.php','','','',4,5000000,1,1,0,1,0,0,0,0,0,'',10,0,'','','','','','','','','','','','','','','','','','','','','w3_basic',100,50,10,300,'basic','../_head.php','../_tail.php','','',1,1,5,'g4m_basic',0,0,50,'basic',0,'both',30,15,'basic','','',174,124,0,125,100,0,0,'',0,'');
INSERT IGNORE INTO `g5_board` VALUES ('basic_gallery','intro','갤러리','','',1,1,1,1,1,1,1,1,1,0,1,1,0,0,0,0,0,'','',0,0,0,0,0,0,0,0,0,0,0,0,0,0,1,100,60,15,24,100,600,'basic','','','_head.php','_tail.php','','','',4,10485760,1,1,0,8,0,0,0,0,0,'',10,0,'','','','','','','','','','','','','','','','','','','','','w3_basic',100,50,10,300,'basic','../_head.php','../_tail.php','','',1,1,5,'g4m_basic',0,0,50,'basic',0,'both',30,15,'basic','','',174,124,0,125,100,0,0,'',0,'');
INSERT IGNORE INTO `g5_board` VALUES ('basic_service','intro','서비스','','',1,1,10,10,10,10,1,10,10,0,1,1,0,0,0,0,0,'','',0,0,0,0,0,0,0,0,0,0,0,0,0,0,1,100,60,15,24,100,600,'basic','','','_head.php','_tail.php','','','',4,10485760,1,1,0,4,0,0,0,0,0,'',2,0,'wr_datetime asc','','','','','','','','','','','','','','','','','','','','w3_basic',100,50,10,300,'basic','../_head.php','../_tail.php','','',1,1,5,'g4m_basic',0,0,50,'basic',0,'both',30,15,'basic','','',174,124,0,125,100,0,0,'',0,'');
INSERT IGNORE INTO `g5_board` VALUES ('basic_contact','callcenter','상담','','',10,10,1,10,10,10,10,10,10,0,1,1,0,0,0,0,0,'','',0,0,0,0,0,0,0,0,0,0,0,0,0,0,0,100,60,15,24,100,600,'basic','','','_head.php','_tail.php','','','',4,1048576,1,1,0,16,0,0,0,0,0,'',2,0,'','','','','','','','','','','','','','','','','','','','','w3_basic',100,50,10,300,'basic','../_head.php','../_tail.php','','',1,1,5,'g4m_basic',0,0,50,'basic',0,'both',30,15,'basic','','',174,124,0,125,100,0,0,'',0,'상담 및 문의를 환영합니다!');
INSERT IGNORE INTO `g5_board_file` VALUES ('basic_about',5,0,'about_1.jpg','2130706433_krH1fv5Y_2e70e9815ee560d946d2d55a5dd55a60ea0a57c4.jpg','0','',366074,1024,640,2,'2017-06-27 04:07:37');
INSERT IGNORE INTO `g5_board_file` VALUES ('basic_about',6,0,'about_11.jpg','2130706433_iBUnPkqZ_5815cc47237593bda9f8fb5fa94df29a6c01eb5b.jpg','0','',420778,1024,640,2,'2017-08-13 01:48:30');
INSERT IGNORE INTO `g5_board_file` VALUES ('basic_about',7,0,'g97kovjgmqa_basic.jpg','2130706433_io8z7t6g_fc0229cbacd4a5e45346c2d0fa06ea92b20e0db6.jpg','0','',405320,1024,640,2,'2017-08-13 01:53:54');
INSERT IGNORE INTO `g5_board_file` VALUES ('basic_main_banner',1,0,'beach_boat_basic2.jpg','2130706433_RxeqAZ7Q_59d6ea77bda12f24df1bcab62788f45db35ed75e.jpg','0','',445470,1024,680,2,'2017-08-13 00:47:38');
INSERT IGNORE INTO `g5_board_file` VALUES ('basic_gallery',4,0,'dike_dike_road_basic.jpg','2130706433_FgfbQu7m_bb7856a38f41be4ce7c3acf5f0bde53b5a7d67db.jpg','0','',491506,1024,680,2,'2017-08-12 02:00:00');
INSERT IGNORE INTO `g5_board_file` VALUES ('basic_gallery',3,0,'coast_sea_basic.jpg','2130706433_F7dRkbDL_2af1810857f45c13b84ac0a2f82dc55ea7511b4e.jpg','0','',415751,1024,682,2,'2017-08-12 01:40:49');
INSERT IGNORE INTO `g5_board_file` VALUES ('basic_gallery',2,0,'baltic_sea_sunset_basic.jpg','2130706433_WxSjBoQl_54897bd786b1807299dc0839f9c2db3ecfdc8e06.jpg','0','',439619,1024,680,2,'2017-08-12 01:39:48');
INSERT IGNORE INTO `g5_board_file` VALUES ('basic_gallery',1,0,'baltic_sea_angler_basic.jpg','2130706433_OI7qMQxk_f9d3fa3aa5209105e6413a6bf4edc1cb8b787e78.jpg','0','',452311,1024,680,2,'2017-08-12 01:39:05');
INSERT IGNORE INTO `g5_board_file` VALUES ('band_main_banner',2,0,'ny.jpg','2130706433_Mx1LUs8l_879995d3355c2a01eaae5106b6ebe9f4976fea20.jpg','0','',21125,1200,600,2,'2017-08-05 22:03:34');
INSERT IGNORE INTO `g5_board_file` VALUES ('basic_service',1,0,'pedalo_basic.jpg','2130706433_OYM81ohW_26e0edee09192f9748cce21422619cec439a264f.jpg','0','',447945,1024,683,2,'2017-08-11 21:39:52');
INSERT IGNORE INTO `g5_board_file` VALUES ('basic_service',2,0,'kite_surfer_basic.jpg','2130706433_Mvh24JIu_23262d69504dc0d89378c0cdf52b039a191bc95b.jpg','0','',441279,1024,685,2,'2017-08-11 21:41:51');
INSERT IGNORE INTO `g5_board_file` VALUES ('basic_service',3,0,'sun_bed_basic.jpg','2130706433_AK2mxntH_fb120daede2eba3d52bc3f343a6b0b465bcba598.jpg','0','',459547,1024,683,2,'2017-08-11 21:40:52');
INSERT IGNORE INTO `g5_board_file` VALUES ('basic_service',4,0,'restaurant_basic.jpg','2130706433_NZPV4xce_d2e48d27928a66353d8def0f743975e554364e5a.jpg','0','',604007,1024,683,2,'2017-08-11 21:42:18');
INSERT IGNORE INTO `g5_board_file` VALUES ('basic_gallery',5,0,'east_devon_basic.jpg','2130706433_GnKmL84A_2addcb076fbf5bc79182368e375c587b5f0a3fb3.jpg','0','',560293,1024,680,2,'2017-08-12 02:01:08');
INSERT IGNORE INTO `g5_board_file` VALUES ('basic_gallery',6,0,'explorer_basic.jpg','2130706433_2LoaUnXt_c6385502400a57316c3ff310853edfacebe9d9aa.jpg','0','',710176,1024,683,2,'2017-08-12 01:44:02');
INSERT IGNORE INTO `g5_board_file` VALUES ('basic_gallery',7,0,'house_in_basic.jpg','2130706433_lHYCx9P2_cff9b14bdd1aee6e6af725c6f71da0f7d10d5715.jpg','0','',356145,1024,683,2,'2017-08-12 01:44:57');
INSERT IGNORE INTO `g5_board_file` VALUES ('basic_gallery',8,0,'moon_sea_basic.jpg','2130706433_YtPKm6hO_99f7b7f428c299319e2a501d3b5e94bd10a3f913.jpg','0','',509820,1024,680,2,'2017-08-12 01:47:24');

--
-- Table structure for table `g5_write_basic_contact`
--

DROP TABLE IF EXISTS `g5_write_basic_contact`;
/*!40101 SET @saved_cs_client     = @@character_set_client */;
/*!40101 SET character_set_client = utf8 */;
CREATE TABLE IF NOT EXISTS `g5_write_basic_contact` (
  `wr_id` int(11) NOT NULL AUTO_INCREMENT,
  `wr_num` int(11) NOT NULL DEFAULT '0',
  `wr_reply` varchar(10) NOT NULL,
  `wr_parent` int(11) NOT NULL DEFAULT '0',
  `wr_is_comment` tinyint(4) NOT NULL DEFAULT '0',
  `wr_comment` int(11) NOT NULL DEFAULT '0',
  `wr_comment_reply` varchar(5) NOT NULL,
  `ca_name` varchar(255) NOT NULL,
  `wr_option` set('html1','html2','secret','mail') NOT NULL,
  `wr_subject` varchar(255) NOT NULL,
  `wr_content` text NOT NULL,
  `wr_link1` text NOT NULL,
  `wr_link2` text NOT NULL,
  `wr_link1_hit` int(11) NOT NULL DEFAULT '0',
  `wr_link2_hit` int(11) NOT NULL DEFAULT '0',
  `wr_hit` int(11) NOT NULL DEFAULT '0',
  `wr_good` int(11) NOT NULL DEFAULT '0',
  `wr_nogood` int(11) NOT NULL DEFAULT '0',
  `mb_id` varchar(20) NOT NULL,
  `wr_password` varchar(255) NOT NULL,
  `wr_name` varchar(255) NOT NULL,
  `wr_email` varchar(255) NOT NULL,
  `wr_homepage` varchar(255) NOT NULL,
  `wr_datetime` datetime NOT NULL DEFAULT '0000-00-00 00:00:00',
  `wr_file` tinyint(4) NOT NULL DEFAULT '0',
  `wr_last` varchar(19) NOT NULL,
  `wr_ip` varchar(255) NOT NULL,
  `wr_facebook_user` varchar(255) NOT NULL,
  `wr_twitter_user` varchar(255) NOT NULL,
  `wr_1` varchar(255) NOT NULL,
  `wr_2` varchar(255) NOT NULL,
  `wr_3` varchar(255) NOT NULL,
  `wr_4` varchar(255) NOT NULL,
  `wr_5` varchar(255) NOT NULL,
  `wr_6` varchar(255) NOT NULL,
  `wr_7` varchar(255) NOT NULL,
  `wr_8` varchar(255) NOT NULL,
  `wr_9` varchar(255) NOT NULL,
  `wr_10` varchar(255) NOT NULL,
  PRIMARY KEY (`wr_id`),
  KEY `wr_num_reply_parent` (`wr_num`,`wr_reply`,`wr_parent`),
  KEY `wr_is_comment` (`wr_is_comment`,`wr_id`)
) ENGINE=MyISAM AUTO_INCREMENT=28 DEFAULT CHARSET=utf8;
/*!40101 SET character_set_client = @saved_cs_client */;

--
-- Dumping data for table `g5_write_basic_contact`
--

LOCK TABLES `g5_write_basic_contact` WRITE;
/*!40000 ALTER TABLE `g5_write_basic_contact` DISABLE KEYS */;
INSERT IGNORE INTO `g5_write_basic_contact` VALUES (22,-11,'',22,0,0,'','','','상담 신청','test5','','',0,0,1,0,0,'','','test5','mhsong@ws21.com','','2017-07-07 23:06:21',0,'2017-07-07 23:06:21','127.0.0.1','','','답변 대기','','','','','1','','','','');
INSERT IGNORE INTO `g5_write_basic_contact` VALUES (21,-10,'',21,0,0,'','','','test4','test4','','',0,0,0,0,0,'admin','03ad9a9a6aab2f5c','최고관리자','admin@domain.com','','2017-07-04 16:24:20',0,'2017-07-04 16:24:20','127.0.0.1','','','답변 대기','','','','','1','','','','');
INSERT IGNORE INTO `g5_write_basic_contact` VALUES (20,-9,'',20,0,0,'','','','test3','test3','','',0,0,0,0,0,'admin','03ad9a9a6aab2f5c','최고관리자','admin@domain.com','','2017-07-04 15:47:06',0,'2017-07-04 15:47:06','127.0.0.1','','','답변 대기','','','','','1','','','','');
INSERT IGNORE INTO `g5_write_basic_contact` VALUES (19,-8,'',19,0,0,'','','','test2','test2','','',0,0,1,0,0,'admin','03ad9a9a6aab2f5c','최고관리자','admin@domain.com','','2017-07-04 04:22:27',0,'2017-07-04 04:22:27','127.0.0.1','','','답변 대기','','','','','1','','','','');
INSERT IGNORE INTO `g5_write_basic_contact` VALUES (18,-7,'',18,0,0,'','','','테스트','테스트','','',0,0,1,0,0,'admin','03ad9a9a6aab2f5c','최고관리자','admin@domain.com','','2017-07-04 03:45:55',0,'2017-07-04 03:45:55','127.0.0.1','','','답변 대기','','','','','1','','','','');
INSERT IGNORE INTO `g5_write_basic_contact` VALUES (17,-6,'',17,0,0,'','','','상담 신청','테스팅','','',0,0,3,0,0,'admin','03ad9a9a6aab2f5c','최고관리자','admin@domain.com','','2017-06-16 03:31:31',0,'2017-06-16 03:31:31','127.0.0.1','','','답변 대기','','','','','1','','','','');
INSERT IGNORE INTO `g5_write_basic_contact` VALUES (16,-5,'',16,0,0,'','','','상담 신청','테스팅','','',0,0,2,0,0,'','','테스트6','test@test.com','','2017-06-16 03:26:28',0,'2017-06-16 03:26:28','127.0.0.1','','','답변 대기','','','','','1','','','','');
INSERT IGNORE INTO `g5_write_basic_contact` VALUES (15,-4,'',15,0,0,'','','','상담 신청','테스팅','','',0,0,1,0,0,'','','테스트5','test@test.com','','2017-06-16 03:20:54',0,'2017-06-16 03:20:54','127.0.0.1','','','답변 대기','','','','','1','','','','');
INSERT IGNORE INTO `g5_write_basic_contact` VALUES (14,-3,'',14,0,0,'','','','상담 신청','테스팅','','',0,0,1,0,0,'','','테스트4','test@test.com','','2017-06-16 03:17:29',0,'2017-06-16 03:17:29','127.0.0.1','','','답변 대기','','','','','1','','','','');
INSERT IGNORE INTO `g5_write_basic_contact` VALUES (13,-2,'',13,0,0,'','','','상담 신청','테스팅','','',0,0,0,0,0,'','','테스트2','test@test.com','','2017-06-16 02:59:28',0,'2017-06-16 02:59:28','127.0.0.1','','','답변 대기','','','','','1','','','','');
INSERT IGNORE INTO `g5_write_basic_contact` VALUES (23,-12,'',23,0,0,'','','','상담 신청','테스트','','',0,0,1,0,0,'admin','03ad9a9a6aab2f5c','최고관리자','admin@domain.com','','2017-07-20 20:47:54',0,'2017-07-20 20:47:54','127.0.0.1','','','답변 대기','3','2017-07-30 20:00','','','','','','','');
INSERT IGNORE INTO `g5_write_basic_contact` VALUES (24,-13,'',24,0,0,'','','','상담 신청','포토3 상담','','',0,0,1,0,0,'admin','03ad9a9a6aab2f5c','최고관리자','admin@domain.com','','2017-07-25 02:49:36',0,'2017-07-25 02:49:36','127.0.0.1','','','답변 대기','','','','','1','','','','');
INSERT IGNORE INTO `g5_write_basic_contact` VALUES (25,-14,'',25,0,0,'','','','상담 신청','포토3 상담 2','','',0,0,0,0,0,'','','테스트','test@test.com','','2017-07-25 02:54:57',0,'2017-07-25 02:54:57','127.0.0.1','','','답변 대기','','','','','1','','','','');
INSERT IGNORE INTO `g5_write_basic_contact` VALUES (26,-15,'',26,0,0,'','','','상담 신청','레스토랑 테스트','','',0,0,1,0,0,'admin','03ad9a9a6aab2f5c','최고관리자','admin@domain.com','','2017-07-25 23:55:04',0,'2017-07-25 23:55:04','127.0.0.1','','','답변 대기','3','2017-08-01 09:00','','','1','','','','');
/*!40000 ALTER TABLE `g5_write_basic_contact` ENABLE KEYS */;
UNLOCK TABLES;

--
-- Table structure for table `g5_write_about`
--

DROP TABLE IF EXISTS `g5_write_basic_about`;
/*!40101 SET @saved_cs_client     = @@character_set_client */;
/*!40101 SET character_set_client = utf8 */;
CREATE TABLE IF NOT EXISTS `g5_write_basic_about` (
  `wr_id` int(11) NOT NULL AUTO_INCREMENT,
  `wr_num` int(11) NOT NULL DEFAULT '0',
  `wr_reply` varchar(10) NOT NULL,
  `wr_parent` int(11) NOT NULL DEFAULT '0',
  `wr_is_comment` tinyint(4) NOT NULL DEFAULT '0',
  `wr_comment` int(11) NOT NULL DEFAULT '0',
  `wr_comment_reply` varchar(5) NOT NULL,
  `ca_name` varchar(255) NOT NULL,
  `wr_option` set('html1','html2','secret','mail') NOT NULL,
  `wr_subject` varchar(255) NOT NULL,
  `wr_content` text NOT NULL,
  `wr_link1` text NOT NULL,
  `wr_link2` text NOT NULL,
  `wr_link1_hit` int(11) NOT NULL DEFAULT '0',
  `wr_link2_hit` int(11) NOT NULL DEFAULT '0',
  `wr_hit` int(11) NOT NULL DEFAULT '0',
  `wr_good` int(11) NOT NULL DEFAULT '0',
  `wr_nogood` int(11) NOT NULL DEFAULT '0',
  `mb_id` varchar(20) NOT NULL,
  `wr_password` varchar(255) NOT NULL,
  `wr_name` varchar(255) NOT NULL,
  `wr_email` varchar(255) NOT NULL,
  `wr_homepage` varchar(255) NOT NULL,
  `wr_datetime` datetime NOT NULL DEFAULT '0000-00-00 00:00:00',
  `wr_file` tinyint(4) NOT NULL DEFAULT '0',
  `wr_last` varchar(19) NOT NULL,
  `wr_ip` varchar(255) NOT NULL,
  `wr_facebook_user` varchar(255) NOT NULL,
  `wr_twitter_user` varchar(255) NOT NULL,
  `wr_1` varchar(255) NOT NULL,
  `wr_2` varchar(255) NOT NULL,
  `wr_3` varchar(255) NOT NULL,
  `wr_4` varchar(255) NOT NULL,
  `wr_5` varchar(255) NOT NULL,
  `wr_6` varchar(255) NOT NULL,
  `wr_7` varchar(255) NOT NULL,
  `wr_8` varchar(255) NOT NULL,
  `wr_9` varchar(255) NOT NULL,
  `wr_10` varchar(255) NOT NULL,
  PRIMARY KEY (`wr_id`),
  KEY `wr_num_reply_parent` (`wr_num`,`wr_reply`,`wr_parent`),
  KEY `wr_is_comment` (`wr_is_comment`,`wr_id`)
) ENGINE=MyISAM AUTO_INCREMENT=8 DEFAULT CHARSET=utf8;
/*!40101 SET character_set_client = @saved_cs_client */;

--
-- Dumping data for table `g5_write_basic_about`
--

LOCK TABLES `g5_write_basic_about` WRITE;
/*!40000 ALTER TABLE `g5_write_basic_about` DISABLE KEYS */;
INSERT IGNORE INTO `g5_write_basic_about` VALUES (5,-2,'',5,0,0,'','','','소개','여기에 사이트 소개 내용을 입력하십시오.\r\n여기에 사이트 소개 내용을 입력하십시오.\r\n여기에 사이트 소개 내용을 입력하십시오.','','',0,0,9,0,0,'admin','03ad9a9a6aab2f5c','최고관리자','admin@domain.com','','2017-06-20 16:23:29',1,'2017-06-20 16:23:29','127.0.0.1','','','','','','','','','','','','');
INSERT IGNORE INTO `g5_write_basic_about` VALUES (6,-3,'',6,0,0,'','','','약력','여기에 사이트 소개 내용을 입력하십시오.\r\n여기에 사이트 소개 내용을 입력하십시오.\r\n여기에 사이트 소개 내용을 입력하십시오.','','',0,0,5,0,0,'admin','03ad9a9a6aab2f5c','최고관리자','admin@domain.com','','2017-06-20 16:29:02',1,'2017-06-20 16:29:02','127.0.0.1','','','','','','','','','','','','');
INSERT IGNORE INTO `g5_write_basic_about` VALUES (7,-4,'',7,0,0,'','','','약도','여기에 사이트 소개 내용을 입력하십시오.\r\n여기에 사이트 소개 내용을 입력하십시오.\r\n여기에 사이트 소개 내용을 입력하십시오.','','',0,0,7,0,0,'admin','03ad9a9a6aab2f5c','최고관리자','admin@domain.com','','2017-06-20 22:42:43',1,'2017-06-20 22:42:43','127.0.0.1','','','시카고, 미국::: +00 1515151515::: test@test.com::: 방문 및 상담을 환영합니다!','41.878114, -87.629798','AIzaSyDFX2xiKdH3unkDcMYb6nFXvJAplGieHE4','','','','','','','');
/*!40000 ALTER TABLE `g5_write_basic_about` ENABLE KEYS */;
UNLOCK TABLES;

--
-- Table structure for table `g5_write_basic_gallery`
--

DROP TABLE IF EXISTS `g5_write_basic_gallery`;
/*!40101 SET @saved_cs_client     = @@character_set_client */;
/*!40101 SET character_set_client = utf8 */;
CREATE TABLE IF NOT EXISTS `g5_write_basic_gallery` (
  `wr_id` int(11) NOT NULL AUTO_INCREMENT,
  `wr_num` int(11) NOT NULL DEFAULT '0',
  `wr_reply` varchar(10) NOT NULL,
  `wr_parent` int(11) NOT NULL DEFAULT '0',
  `wr_is_comment` tinyint(4) NOT NULL DEFAULT '0',
  `wr_comment` int(11) NOT NULL DEFAULT '0',
  `wr_comment_reply` varchar(5) NOT NULL,
  `ca_name` varchar(255) NOT NULL,
  `wr_option` set('html1','html2','secret','mail') NOT NULL,
  `wr_subject` varchar(255) NOT NULL,
  `wr_content` text NOT NULL,
  `wr_link1` text NOT NULL,
  `wr_link2` text NOT NULL,
  `wr_link1_hit` int(11) NOT NULL DEFAULT '0',
  `wr_link2_hit` int(11) NOT NULL DEFAULT '0',
  `wr_hit` int(11) NOT NULL DEFAULT '0',
  `wr_good` int(11) NOT NULL DEFAULT '0',
  `wr_nogood` int(11) NOT NULL DEFAULT '0',
  `mb_id` varchar(20) NOT NULL,
  `wr_password` varchar(255) NOT NULL,
  `wr_name` varchar(255) NOT NULL,
  `wr_email` varchar(255) NOT NULL,
  `wr_homepage` varchar(255) NOT NULL,
  `wr_datetime` datetime NOT NULL DEFAULT '0000-00-00 00:00:00',
  `wr_file` tinyint(4) NOT NULL DEFAULT '0',
  `wr_last` varchar(19) NOT NULL,
  `wr_ip` varchar(255) NOT NULL,
  `wr_facebook_user` varchar(255) NOT NULL,
  `wr_twitter_user` varchar(255) NOT NULL,
  `wr_1` varchar(255) NOT NULL,
  `wr_2` varchar(255) NOT NULL,
  `wr_3` varchar(255) NOT NULL,
  `wr_4` varchar(255) NOT NULL,
  `wr_5` varchar(255) NOT NULL,
  `wr_6` varchar(255) NOT NULL,
  `wr_7` varchar(255) NOT NULL,
  `wr_8` varchar(255) NOT NULL,
  `wr_9` varchar(255) NOT NULL,
  `wr_10` varchar(255) NOT NULL,
  PRIMARY KEY (`wr_id`),
  KEY `wr_num_reply_parent` (`wr_num`,`wr_reply`,`wr_parent`),
  KEY `wr_is_comment` (`wr_is_comment`,`wr_id`)
) ENGINE=MyISAM AUTO_INCREMENT=9 DEFAULT CHARSET=utf8;
/*!40101 SET character_set_client = @saved_cs_client */;

--
-- Dumping data for table `g5_write_basic_gallery`
--

LOCK TABLES `g5_write_basic_gallery` WRITE;
/*!40000 ALTER TABLE `g5_write_basic_gallery` DISABLE KEYS */;
INSERT IGNORE INTO `g5_write_basic_gallery` VALUES (1,-1,'',1,0,0,'','','','갤러리 1','여기에 내용을 입력하십시오.\r\n여기에 내용을 입력하십시오.\r\n여기에 내용을 입력하십시오.','','',0,0,4,0,0,'admin','03ad9a9a6aab2f5c','최고관리자','admin@domain.com','','2017-07-04 02:21:16',1,'2017-07-04 02:21:16','127.0.0.1','','','','','','','','','','','','');
INSERT IGNORE INTO `g5_write_basic_gallery` VALUES (2,-2,'',2,0,0,'','','','갤러리 2','여기에 내용을 입력하십시오.\r\n여기에 내용을 입력하십시오.\r\n여기에 내용을 입력하십시오.','','',0,0,4,0,0,'admin','03ad9a9a6aab2f5c','최고관리자','admin@domain.com','','2017-07-04 02:22:22',1,'2017-07-04 02:22:22','127.0.0.1','','','','','','','','','','','','');
INSERT IGNORE INTO `g5_write_basic_gallery` VALUES (3,-3,'',3,0,0,'','','','갤러리 3','여기에 내용을 입력하십시오.\r\n여기에 내용을 입력하십시오.\r\n여기에 내용을 입력하십시오.','','',0,0,4,0,0,'admin','03ad9a9a6aab2f5c','최고관리자','admin@domain.com','','2017-07-04 02:23:10',1,'2017-07-04 02:23:10','127.0.0.1','','','','','','','','','','','','');
INSERT IGNORE INTO `g5_write_basic_gallery` VALUES (4,-4,'',4,0,0,'','','','갤러리 4','여기에 내용을 입력하십시오.\r\n여기에 내용을 입력하십시오.\r\n여기에 내용을 입력하십시오.','','',0,0,4,0,0,'admin','03ad9a9a6aab2f5c','최고관리자','admin@domain.com','','2017-07-04 02:24:23',1,'2017-07-04 02:24:23','127.0.0.1','','','','','','','','','','','','');
INSERT IGNORE INTO `g5_write_basic_gallery` VALUES (5,-5,'',5,0,0,'','','','갤러리 5','여기에 내용을 입력하십시오.\r\n여기에 내용을 입력하십시오.\r\n여기에 내용을 입력하십시오.','','',0,0,4,0,0,'admin','03ad9a9a6aab2f5c','최고관리자','admin@domain.com','','2017-07-04 02:24:58',1,'2017-07-04 02:24:58','127.0.0.1','','','','','','','','','','','','');
INSERT IGNORE INTO `g5_write_basic_gallery` VALUES (6,-6,'',6,0,0,'','','','갤러리 6','여기에 내용을 입력하십시오.\r\n여기에 내용을 입력하십시오.\r\n여기에 내용을 입력하십시오.','','',0,0,4,0,0,'admin','03ad9a9a6aab2f5c','최고관리자','admin@domain.com','','2017-07-04 02:25:39',1,'2017-07-04 02:25:39','127.0.0.1','','','','','','','','','','','','');
INSERT IGNORE INTO `g5_write_basic_gallery` VALUES (7,-7,'',7,0,0,'','','','갤러리 7','여기에 내용을 입력하십시오.\r\n여기에 내용을 입력하십시오.\r\n여기에 내용을 입력하십시오.','','',0,0,4,0,0,'admin','03ad9a9a6aab2f5c','최고관리자','admin@domain.com','','2017-07-04 02:26:51',1,'2017-07-04 02:26:51','127.0.0.1','','','','','','','','','','','','');
INSERT IGNORE INTO `g5_write_basic_gallery` VALUES (8,-8,'',8,0,0,'','','','갤러리 8','여기에 내용을 입력하십시오.\r\n여기에 내용을 입력하십시오.\r\n여기에 내용을 입력하십시오.','','',0,0,6,0,0,'admin','03ad9a9a6aab2f5c','최고관리자','admin@domain.com','','2017-07-04 02:27:19',1,'2017-07-04 02:27:19','127.0.0.1','','','','','','','','','','','','');
/*!40000 ALTER TABLE `g5_write_basic_gallery` ENABLE KEYS */;
UNLOCK TABLES;

--
-- Table structure for table `g5_write_basic_main_banner`
--

DROP TABLE IF EXISTS `g5_write_basic_main_banner`;
/*!40101 SET @saved_cs_client     = @@character_set_client */;
/*!40101 SET character_set_client = utf8 */;
CREATE TABLE IF NOT EXISTS `g5_write_basic_main_banner` (
  `wr_id` int(11) NOT NULL AUTO_INCREMENT,
  `wr_num` int(11) NOT NULL DEFAULT '0',
  `wr_reply` varchar(10) NOT NULL,
  `wr_parent` int(11) NOT NULL DEFAULT '0',
  `wr_is_comment` tinyint(4) NOT NULL DEFAULT '0',
  `wr_comment` int(11) NOT NULL DEFAULT '0',
  `wr_comment_reply` varchar(5) NOT NULL,
  `ca_name` varchar(255) NOT NULL,
  `wr_option` set('html1','html2','secret','mail') NOT NULL,
  `wr_subject` varchar(255) NOT NULL,
  `wr_content` text NOT NULL,
  `wr_link1` text NOT NULL,
  `wr_link2` text NOT NULL,
  `wr_link1_hit` int(11) NOT NULL DEFAULT '0',
  `wr_link2_hit` int(11) NOT NULL DEFAULT '0',
  `wr_hit` int(11) NOT NULL DEFAULT '0',
  `wr_good` int(11) NOT NULL DEFAULT '0',
  `wr_nogood` int(11) NOT NULL DEFAULT '0',
  `mb_id` varchar(20) NOT NULL,
  `wr_password` varchar(255) NOT NULL,
  `wr_name` varchar(255) NOT NULL,
  `wr_email` varchar(255) NOT NULL,
  `wr_homepage` varchar(255) NOT NULL,
  `wr_datetime` datetime NOT NULL DEFAULT '0000-00-00 00:00:00',
  `wr_file` tinyint(4) NOT NULL DEFAULT '0',
  `wr_last` varchar(19) NOT NULL,
  `wr_ip` varchar(255) NOT NULL,
  `wr_facebook_user` varchar(255) NOT NULL,
  `wr_twitter_user` varchar(255) NOT NULL,
  `wr_1` varchar(255) NOT NULL,
  `wr_2` varchar(255) NOT NULL,
  `wr_3` varchar(255) NOT NULL,
  `wr_4` varchar(255) NOT NULL,
  `wr_5` varchar(255) NOT NULL,
  `wr_6` varchar(255) NOT NULL,
  `wr_7` varchar(255) NOT NULL,
  `wr_8` varchar(255) NOT NULL,
  `wr_9` varchar(255) NOT NULL,
  `wr_10` varchar(255) NOT NULL,
  PRIMARY KEY (`wr_id`),
  KEY `wr_num_reply_parent` (`wr_num`,`wr_reply`,`wr_parent`),
  KEY `wr_is_comment` (`wr_is_comment`,`wr_id`)
) ENGINE=MyISAM AUTO_INCREMENT=2 DEFAULT CHARSET=utf8;
/*!40101 SET character_set_client = @saved_cs_client */;

--
-- Dumping data for table `g5_write_basic_main_banner`
--

LOCK TABLES `g5_write_basic_main_banner` WRITE;
/*!40000 ALTER TABLE `g5_write_basic_main_banner` DISABLE KEYS */;
INSERT IGNORE INTO `g5_write_basic_main_banner` VALUES (1,-1,'',1,0,0,'','','','베이직','여기에 내용을 입력하십시오.\r\n여기에 내용을 입력하십시오.\r\n여기에 내용을 입력하십시오.','','',0,0,6,0,0,'admin','03ad9a9a6aab2f5c','최고관리자','admin@domain.com','','2017-07-27 20:46:58',1,'2017-07-27 20:46:58','127.0.0.1','','','','','','','','','','','','');
/*!40000 ALTER TABLE `g5_write_basic_main_banner` ENABLE KEYS */;
UNLOCK TABLES;

--
-- Table structure for table `g5_write_basic_service`
--

DROP TABLE IF EXISTS `g5_write_basic_service`;
/*!40101 SET @saved_cs_client     = @@character_set_client */;
/*!40101 SET character_set_client = utf8 */;
CREATE TABLE IF NOT EXISTS `g5_write_basic_service` (
  `wr_id` int(11) NOT NULL AUTO_INCREMENT,
  `wr_num` int(11) NOT NULL DEFAULT '0',
  `wr_reply` varchar(10) NOT NULL,
  `wr_parent` int(11) NOT NULL DEFAULT '0',
  `wr_is_comment` tinyint(4) NOT NULL DEFAULT '0',
  `wr_comment` int(11) NOT NULL DEFAULT '0',
  `wr_comment_reply` varchar(5) NOT NULL,
  `ca_name` varchar(255) NOT NULL,
  `wr_option` set('html1','html2','secret','mail') NOT NULL,
  `wr_subject` varchar(255) NOT NULL,
  `wr_content` text NOT NULL,
  `wr_link1` text NOT NULL,
  `wr_link2` text NOT NULL,
  `wr_link1_hit` int(11) NOT NULL DEFAULT '0',
  `wr_link2_hit` int(11) NOT NULL DEFAULT '0',
  `wr_hit` int(11) NOT NULL DEFAULT '0',
  `wr_good` int(11) NOT NULL DEFAULT '0',
  `wr_nogood` int(11) NOT NULL DEFAULT '0',
  `mb_id` varchar(20) NOT NULL,
  `wr_password` varchar(255) NOT NULL,
  `wr_name` varchar(255) NOT NULL,
  `wr_email` varchar(255) NOT NULL,
  `wr_homepage` varchar(255) NOT NULL,
  `wr_datetime` datetime NOT NULL DEFAULT '0000-00-00 00:00:00',
  `wr_file` tinyint(4) NOT NULL DEFAULT '0',
  `wr_last` varchar(19) NOT NULL,
  `wr_ip` varchar(255) NOT NULL,
  `wr_facebook_user` varchar(255) NOT NULL,
  `wr_twitter_user` varchar(255) NOT NULL,
  `wr_1` varchar(255) NOT NULL,
  `wr_2` varchar(255) NOT NULL,
  `wr_3` varchar(255) NOT NULL,
  `wr_4` varchar(255) NOT NULL,
  `wr_5` varchar(255) NOT NULL,
  `wr_6` varchar(255) NOT NULL,
  `wr_7` varchar(255) NOT NULL,
  `wr_8` varchar(255) NOT NULL,
  `wr_9` varchar(255) NOT NULL,
  `wr_10` varchar(255) NOT NULL,
  PRIMARY KEY (`wr_id`),
  KEY `wr_num_reply_parent` (`wr_num`,`wr_reply`,`wr_parent`),
  KEY `wr_is_comment` (`wr_is_comment`,`wr_id`)
) ENGINE=MyISAM AUTO_INCREMENT=5 DEFAULT CHARSET=utf8;
/*!40101 SET character_set_client = @saved_cs_client */;

--
-- Dumping data for table `g5_write_basic_service`
--

LOCK TABLES `g5_write_basic_service` WRITE;
/*!40000 ALTER TABLE `g5_write_basic_service` DISABLE KEYS */;
INSERT IGNORE INTO `g5_write_basic_service` VALUES (1,-1,'',1,0,0,'','','','서비스 1','여기에 내용을 입력하십시오.\r\n여기에 내용을 입력하십시오.\r\n여기에 내용을 입력하십시오.','','',0,0,5,0,0,'admin','03ad9a9a6aab2f5c','최고관리자','admin@domain.com','','2017-07-04 17:45:57',1,'2017-07-04 17:45:57','127.0.0.1','','','','','','','','','','','','');
INSERT IGNORE INTO `g5_write_basic_service` VALUES (2,-2,'',2,0,0,'','','','서비스 2','여기에 내용을 입력하십시오.\r\n여기에 내용을 입력하십시오.\r\n여기에 내용을 입력하십시오.','','',0,0,3,0,0,'admin','03ad9a9a6aab2f5c','최고관리자','admin@domain.com','','2017-07-04 17:50:16',1,'2017-07-04 17:50:16','127.0.0.1','','','','','','','','','','','','');
INSERT IGNORE INTO `g5_write_basic_service` VALUES (3,-3,'',3,0,0,'','','','서비스 3','여기에 내용을 입력하십시오.\r\n여기에 내용을 입력하십시오.\r\n여기에 내용을 입력하십시오.','','',0,0,3,0,0,'admin','03ad9a9a6aab2f5c','최고관리자','admin@domain.com','','2017-07-04 17:51:08',1,'2017-07-04 17:51:08','127.0.0.1','','','','','','','','','','','','');
INSERT IGNORE INTO `g5_write_basic_service` VALUES (4,-4,'',4,0,0,'','','','서비스 4','여기에 내용을 입력하십시오.\r\n여기에 내용을 입력하십시오.\r\n여기에 내용을 입력하십시오.','','',0,0,3,0,0,'admin','03ad9a9a6aab2f5c','최고관리자','admin@domain.com','','2017-07-04 17:51:34',1,'2017-07-04 17:51:34','127.0.0.1','','','','','','','','','','','','');
/*!40000 ALTER TABLE `g5_write_basic_service` ENABLE KEYS */;
UNLOCK TABLES;

---
--- shop_basic_main
---

INSERT IGNORE INTO `g5_board` VALUES ('shop_basic_main','board','메인 배너','','',1,1,10,10,10,10,1,10,10,0,1,1,0,0,0,0,0,'','',0,0,0,0,0,0,0,0,0,0,0,0,0,1,1,100,60,15,24,100,600,'r_good_basic','','','_head.php','_tail.php','','','',4,5000000,1,1,0,1,0,0,0,0,0,'',10,0,'','','','','','','','','','','','','','','','','','','','','w3_shop_basic',100,50,10,300,'basic','../_head.php','../_tail.php','','',1,1,5,'g4m_basic',0,0,50,'basic',0,'both',30,15,'basic','','',174,124,0,125,100,0,0,'',0,'');

INSERT IGNORE INTO `g5_board_file` VALUES ('shop_basic_main',1,0,'3m2lrpvtlwa_607932.1024.jpg','2130706433_ZKGj5tuq_75c8fee9f3a9a8c4ac6396acf5b6bc8499935eff.jpg','0','',48522,1024,731,2,'2017-11-10 02:43:28');

--
-- Table structure for table `g5_write_shop_basic_main`
--

DROP TABLE IF EXISTS `g5_write_shop_basic_main`;
/*!40101 SET @saved_cs_client     = @@character_set_client */;
/*!40101 SET character_set_client = utf8 */;
CREATE TABLE IF NOT EXISTS `g5_write_shop_basic_main` (
  `wr_id` int(11) NOT NULL AUTO_INCREMENT,
  `wr_num` int(11) NOT NULL DEFAULT '0',
  `wr_reply` varchar(10) NOT NULL,
  `wr_parent` int(11) NOT NULL DEFAULT '0',
  `wr_is_comment` tinyint(4) NOT NULL DEFAULT '0',
  `wr_comment` int(11) NOT NULL DEFAULT '0',
  `wr_comment_reply` varchar(5) NOT NULL,
  `ca_name` varchar(255) NOT NULL,
  `wr_option` set('html1','html2','secret','mail') NOT NULL,
  `wr_subject` varchar(255) NOT NULL,
  `wr_content` text NOT NULL,
  `wr_link1` text NOT NULL,
  `wr_link2` text NOT NULL,
  `wr_link1_hit` int(11) NOT NULL DEFAULT '0',
  `wr_link2_hit` int(11) NOT NULL DEFAULT '0',
  `wr_hit` int(11) NOT NULL DEFAULT '0',
  `wr_good` int(11) NOT NULL DEFAULT '0',
  `wr_nogood` int(11) NOT NULL DEFAULT '0',
  `mb_id` varchar(20) NOT NULL,
  `wr_password` varchar(255) NOT NULL,
  `wr_name` varchar(255) NOT NULL,
  `wr_email` varchar(255) NOT NULL,
  `wr_homepage` varchar(255) NOT NULL,
  `wr_datetime` datetime NOT NULL DEFAULT '0000-00-00 00:00:00',
  `wr_file` tinyint(4) NOT NULL DEFAULT '0',
  `wr_last` varchar(19) NOT NULL,
  `wr_ip` varchar(255) NOT NULL,
  `wr_facebook_user` varchar(255) NOT NULL,
  `wr_twitter_user` varchar(255) NOT NULL,
  `wr_1` varchar(255) NOT NULL,
  `wr_2` varchar(255) NOT NULL,
  `wr_3` varchar(255) NOT NULL,
  `wr_4` varchar(255) NOT NULL,
  `wr_5` varchar(255) NOT NULL,
  `wr_6` varchar(255) NOT NULL,
  `wr_7` varchar(255) NOT NULL,
  `wr_8` varchar(255) NOT NULL,
  `wr_9` varchar(255) NOT NULL,
  `wr_10` varchar(255) NOT NULL,
  PRIMARY KEY (`wr_id`),
  KEY `wr_num_reply_parent` (`wr_num`,`wr_reply`,`wr_parent`),
  KEY `wr_is_comment` (`wr_is_comment`,`wr_id`)
) ENGINE=MyISAM AUTO_INCREMENT=2 DEFAULT CHARSET=utf8;
/*!40101 SET character_set_client = @saved_cs_client */;

--
-- Dumping data for table `g5_write_shop_basic_main`
--

LOCK TABLES `g5_write_shop_basic_main` WRITE;
/*!40000 ALTER TABLE `g5_write_shop_basic_main` DISABLE KEYS */;
INSERT IGNORE INTO `g5_write_shop_basic_main` VALUES (1,-1,'',1,0,0,'','','','베이직','여기에 내용을 입력하십시오.\r\n여기에 내용을 입력하십시오.\r\n여기에 내용을 입력하십시오.','https://www.youtube.com/embed/xaHh756BOR0','',0,0,12,0,0,'admin','03ad9a9a6aab2f5c','최고관리자','admin@domain.com','','2017-07-27 20:46:58',1,'2017-07-27 20:46:58','127.0.0.1','','','','','','','','','','','','');
/*!40000 ALTER TABLE `g5_write_shop_basic_main` ENABLE KEYS */;
UNLOCK TABLES;
